Page Name,Disclaimer,Amount Spent,Number of Ads in Library
The Brexit Party,The Brexit Party,26776,35
Liberal Democrats,the Liberal Democrats,23191,549
Electoral Commission UK,The Electoral Commission,20680,10
Change UK - The Independent Group,Change UK - The Independent Group,15641,458
Friends of the Earth,Friends of the Earth,7708,423
Vote For Your Future,Vote For Your Future,7392,12
The Labour Party,The Labour Party,7331,50
Avaaz,Avaaz Campaigns UK,6079,10
Change UK - The Independent Group,"The Independent Group (TIG) Ltd, company number 11770529, a registered company in England and Wales.",5849,82
Greenpeace UK,Greenpeace UK,2881,18
Conservatives,The Conservative Party,2286,105
QuoteSearch.com,QuoteSearch,2187,30
TheArticle,TheArticle,2095,7
School Cuts,National Education Union,2043,46
Labour North,The Labour Party,2033,4
38 Degrees,38 Degrees,1790,34
WWF UK,WWF UK,1783,8
Yorkshire and the Humber Labour Party,the Labour party,1255,2
Welsh Labour,Welsh Labour,1243,3
Best For Britain,Best for Britain,1164,39
Scottish Labour Party,Scottish Labour Party,1146,3
People's Vote UK,People's Vote,1037,28
Asthma UK,Asthma UK,981,1
London Gov,the Greater London Authority,724,19
Alex Chalk,The Conservative Party,655,9
Alex Salmond,Slainte Media,653,7
Lee Rowley,Alexander Guy Dale,574,16
Oxfam Great Britain,Oxfam GB,525,6
Labour East,The Labour Party,519,3
Global Justice Now,Global Justice Now,506,145
HOPE not hate,HOPE not hate,499,6
Labour North West,The Labour Party,481,2
Tom Hunt,The Conservative Party,462,59
WWF Scotland,WWF Scotland,460,3
Robin Walker MP,The Conservative Party,455,19
Friends of the Earth,"Friends of the Earth England, Wales and Northern Ireland",452,41
Ryan Henson,The Conservative Party,434,8
Miriam Cates,The Conservative Party,430,6
Royston Smith MP,The Conservative Party,422,6
Bournemouth Green Party,South East Dorset Green Party,420,9
Andrea Jenkyns,The Conservative Party,412,9
Liam Byrne,Liam Byrne MP,393,4
Stuart Andrew,The Conservative Party,390,6
Reignite,Reignite,387,1
Eastern Region Green Party,Eastern Region Green Party,363,4
David Morris MP,The Conservative Party,355,9
Ben Houchen - Tees Valley Mayor,Ben Houchen,347,5
Damien Moore MP,The Conservative Party,339,27
Stuart Anderson,The Conservative Party,319,18
Jeremy Corbyn,The Labour Party,309,1
Co-operative Party,Co-operative Party,305,5
The Week UK,The Week,293,8
LCLC - Lithuanian City of London Club - Londono Sičio Lietuvių Klubas,Lithuanian City of London Club,289,1
Dehenna Davison Fareham,The Conservative Party,287,6
Jamie Smart,Clarity Academy Ltd,271,3
Neville Seed MEP Candidate,Neville Seed,270,1
National Education Union,National Education Union,262,1
Green Party of England and Wales,The Green Party of England and Wales,247,1
Andrew Stephenson MP,The Conservative Party,241,6
Eddie Hughes MP,The Conservative Party,235,13
JW3,JW3,234,5
Lisa Forbes for Peterborough,The Labour Party,233,2
Ben Bradley MP,The Conservative Party,230,6
Jackie Doyle-Price,The Conservative Party,226,3
Peter Gibson For Darlington,The Conservative Party,219,6
Lucy Allan MP,The Conservative Party,215,6
Andrew Lewer MP Northampton South,The Conservative Party,213,6
Renew,Renew  Party,210,11
Concern Worldwide UK,Concern Worldwide UK,208,2
Peterborough Conservatives,The Conservative Party,200,60
Wandsworth Labour,Wandsworth Labour,190,11
Amber Rudd MP,The Conservative Party,185,4
Ian Sowden - European Parliament London,Ian Sowden,178,11
City Index,City Index,177,1
Annabel Tall,The Conservative Party,175,1
Peterborough Labour Party,The Labour Party. Promoted by Hollie Ridley on behalf of Peterborough Labour Party.,168,1
The City of Edinburgh Council,The City of Edinburgh Council,161,2
Labour South East,The Labour Party,157,2
Derek Thomas,The Conservative Party,154,6
Chatham House,Chatham House,154,1
Peterborough Conservatives,Conservatives,148,39
Alliance Party of Northern Ireland,The Alliance Party,148,1
London Labour Party,The London Labour Party,147,5
Unite the union,Unite the union,145,1
The News Dump,The News Dump,143,2
crudelydrawn,crudelydrawn,141,16
OneSub,OneSub Ltd,141,1
Cheltenham Liberal Democrats,Cheltenham Liberal Democrats,139,2
International Animal Rescue,International Animal Rescue,138,1
London Labour Party,The Labour Party,136,2
Mayor of London,the Greater London Authority,134,5
Isobel Grant,The Conservative Party,124,15
Newcastle Helix,Newcastle Helix,124,1
Laura Wirral West,The Conservative Party,122,54
Bing Bunny,Acamar Films,119,1
Reprieve,Reprieve,118,1
Plaid Cymru,Plaid Cymru,117,4
Mario Creatura,Conservatives,116,15
The Week Junior,These ads ran without a disclaimer,115,3
Scottish Enterprise,Scottish Enterprise,112,4
Steve Brine MP,Steve Brine MP,111,2
ReCircle Recycling,ReCircle Recycling,111,3
Robert Largan for High Peak,Conservatives,110,3
Healthwatch Hackney,Healthwatch Hackney,109,2
Electoral Reform Society,Electoral Reform Society,108,29
Manchester City Council,Manchester City Council,107,1
Scottish Family Party,Scottish Family Party,105,1
We Believe in Israel,We Believe in Israel,102,1
Derby News,Russell Pollard,≤100,2
Mike Hookem MEP,Mike Hookem MEP,≤100,4
Iain Duncan Smith MP,The Conservative Party,≤100,11
Campaign for Freedom of Information,Campaign for Freedom of Information,≤100,14
UKIP East Midlands,UKIP East Midlands,≤100,9
10:10 climate action,10:10 climate action,≤100,1
Loving Europe 2,Terence Brotheridge,≤100,28
Scottish Environment LINK,Scottish Environment LINK,≤100,6
Yorkshire Party,the Yorkshire Party,≤100,1
Yusuf Chambers,One Ummah,≤100,4
Travel Insurance Explained,Miss Rebecca Marie Kingsley,≤100,1
ourEconomy,openDemocracy,≤100,1
YesCymru,YesCymru,≤100,2
I Love EU,Terence Brotheridge,≤100,34
WarwickDistrict4Europe,Scientists for EU,≤100,1
Theresa Villiers,The Conservative Party,≤100,9
Herefordshire For Europe,Scientists for EU,≤100,1
It’s Our City,It's Our City,≤100,21
Labour Future,Labour Future,≤100,2
Togetherband,Social Misfits Media,≤100,6
Southwark Liberal Democrats,Southwark Liberal Democrats,≤100,2
Green Lane Masjid,Green Lane Masjid & Community Centre,≤100,1
The TaxPayers' Alliance,The TaxPayers' Alliance,≤100,2
Cllr Nesil Caliskan - Leader of Enfield Council,Ian David Barnes,≤100,1
First News,First News,≤100,13
MoneyWeek,MoneyWeek,≤100,6
Bradford Council,Bradford Council,≤100,2
Johnny For Plymouth,Johnny Mercer,≤100,2
Andy Street,The Conservative Party,≤100,88
Elliot Colburn,The Conservative Party,≤100,9
Scots For Leave,Scots for Leave,≤100,3
Paul Bristow,Conservatives,≤100,92
Councillor Greg Stanton,Manchester Withington Liberal Democrats,≤100,1
Crisis,Crisis UK,≤100,2
Create Collective,Nicola Grainne P Matts,≤100,2
Simon Hart MP,Simon Hart MP,≤100,2
Ali Dawah / Official,These ads ran without a disclaimer,≤100,12
Believe In Bees,Believe In Bees,≤100,5
Polski Biznes w UK,Krzysztof Kawulak,≤100,1
The Radical Read Project,Russell Miller,≤100,1
European Movement in Wandsworth and Merton,James Matthew Stephen Ryder,≤100,3
Andrew George,Andrew George,≤100,2
Anas Sarwar,Anas Sarwar,≤100,1
Hatch,Hatch,≤100,4
James Palmer,James Palmer,≤100,1
Chesham and Amersham Conservatives,Chesham and Amersham Conservative Association,≤100,4
Saving The Survivors,Saving the Survivors,≤100,1
The Week Junior,The Week Junior,≤100,3
IFAW,International Fund for Animal Welfare (IFAW),≤100,1
Bedford Borough Council,Bedford Borough Council,≤100,1
"Wild Trails - Tours, Courses, Expeditions",Africa Wild Trails Ltd,≤100,3
The Democratic Party,These ads ran without a disclaimer,≤100,1
Simon Clarke MP,Simon Clarke,≤100,4
Abdur-Raheem McCarthy (عبدالرحيم مكارثي),One Ummah,≤100,16
The Post Truth Post,satirical news site - The Post Truth Post,≤100,5
Elmbridge Liberal Democrats,Elmbridge Liberal Democrat’s,≤100,2
Tom Hunt,Tom Hunt,≤100,1
Havant Liberal Democrats,Paul Gray,≤100,2
Greenock & Inverclyde SNP,Mark Saunders,≤100,7
Flaming Bee,Caner Tastan,≤100,40
Aaron Wynne - Aberconwy,Aaron Wynne,≤100,2
London Liberal Democrats,"Nick Harvey on behalf of the Liberal Democrats,, London, SW1P 3AE. Hosted by NationBuilder.",≤100,9
Tower Hamlets Council,Tower Hamlets Council,≤100,1
Mike Patchett For Winklebury,Michael J Patchett,≤100,1
Mark Weston,The Conservative Party,≤100,12
Wedding Pearls,Wedding Pearls,≤100,1
Banbury for Europe,Banbury for Europe,≤100,1
Matt Hancock,West Suffolk Conservative Association,≤100,1
Yorkshire & the Humber Green Party,Yorkshire & the Humber Green Party,≤100,3
"SDP, Eastbourne Old Town",Sally Elizabeth Kitchen,≤100,3
Peter Gibson For Darlington,Peter Gibson for Darlington,≤100,3
Socialist Equality Party (Britain),The Socialist Equality Party,≤100,1
Westhoughton Life,Martyn Cox,≤100,17
"Joan Ryan, MP for Enfield North",Joan Ryan MP,≤100,1
Kim Caddy,Wandsworth and Wimbledon Conservatives,≤100,1
Tony Devenish,Cities of London & Westminster Conservatives,≤100,1
Iain Stewart MP,The Conservative Party,≤100,16
Social Democratic and Labour Party (SDLP),Social Democratic and Labour Party (SDLP),≤100,7
UK24 TV,Adeel Saleem,≤100,1
Yes Elgin,Yes Elgin,≤100,1
Save The Chelsfield,Steven Andrew Wilson,≤100,5
WHAX,Daniel Paul Smith,≤100,2
Aberdeen Campaign for Nuclear Disarmament (CND),Aberdeen and District Campaign for Nuclear Disarmament,≤100,3
THTC - The Hemp Trading Company,THTC Clothing Ltd,≤100,4
Swindon For Europe Campaign Page,Swindon For Europe,≤100,2
Ladywood Online,Ladywood Liberal Democrats,≤100,2
Spaice,Vipul Patel,≤100,2
Plaid Cymru Montgomeryshire / Maldwyn,Plaid Cymru Maldwyn,≤100,6
Kim Caddy,The Conservative Party,≤100,9
Bath for Europe,BathforEurope,≤100,1
Preston For Europe - page,Michael John Galsworthy,≤100,1
Veganuary,Veganuary,≤100,2
David Rutley MP,The Conservative Party,≤100,1
Aphra Brandreth,The Conservative Party,≤100,15
Chris Webb,Chris Webb for Blackpool North & Cleveleys Campaign,≤100,2
Unison East Midlands,UNISON Campaign Fund,≤100,2
Ely for Europe,Virginie Ganivet on behalf of Ely for Europe,≤100,1
Tristan Gray,Tristan Gray,≤100,5
Samantha Harvey for Rural Ward Wakefield,Samantha  Harvey,≤100,1
Chloe Smith MP,The Conservative Party,≤100,15
Staffs4Europe,Scientists for EU,≤100,1
Denise Donaldson - South Northants Green Party Candidate,Denise A Donaldson,≤100,1
Keep Britain Afloat,Keep Britain Afloat,≤100,3
Alok Sharma,The Conservative Party,≤100,13
Peoples Vote West Lancashire,Terence Leonard Brotheridge,≤100,10
Paul Maynard MP,The Conservative Party,≤100,9
Brexit - Time to choose a direction,Iain Macdonald,≤100,1
Mark Lancaster MP,The Conservative Party,≤100,15
The Scottish Parliament,The Scottish Parliament,≤100,1
Our West Lancashire,Our West Lancashire,≤100,10
Muscular Dystrophy UK,Muscular Dystrophy UK,≤100,2
Andy Canning,Andy Canning,≤100,1
Bournemouth Labour,Bournemouth Labour Party,≤100,1
Go and Vote,Alexander Grahame Poole,≤100,1
Lincoln Green Party - UK,John Anthony Radford,≤100,1
Craig Whittaker MP,The Conservative Party,≤100,9
Canterbury Labour Party,"The Labour Party. Promoted by Julia Seath on behalf of Canterbury Labour Party, both of 12 Belmont Road, Whitstable, CT5 1QP",≤100,1
Thanet Liberal Democrats,Angela Mary Curwen,≤100,1
Gateshead Labour Party,Pamela Marie Burns,≤100,2
Our Merton,Liberal Democrats,≤100,1
Sutton Liberal Democrats,Sutton Liberal Democrats,≤100,1
James Airey,The Conservative Party,≤100,9
Equality Network,the Equality Network,≤100,2
Devon for Europe,Devon for Europe,≤100,1
The Brickish Times,The Brickish Times,≤100,1
Politics for the Many,Politics for the Many,≤100,1
Compassion in Politics,Matthew Hawkins,≤100,1
Lib Dem Newswire,Liberal Democrat Newswire,≤100,2
William Wragg MP,The Conservative Party,≤100,14
Liam Kerr MSP,The Scottish Parliament,≤100,1
Pests Production,David Alec Doust,≤100,2
The Bank Nightclub - Perth,ENT24 Ltd,≤100,4
Craig Whittaker MP,Independent Parliamentary Standards Authority,≤100,2
Neil Bibby,Neil Bibby,≤100,2
Chorley Conservatives,Chorley Conservative Association,≤100,2
Business for Scotland,Business for Scotland,≤100,5
Women’s Equality Party- Otley and District Branch,Sarah Somerscales,≤100,1
Harbour Villages Ward,Chichester Liberal Democrats,≤100,1
Dave Chrisp Comedy,David Chrisp,≤100,4
Trossachs & Teith SNP,Trossachs & Teith Branch SNP,≤100,3
John Flack MEP,John Flack MEP,≤100,1
David Melding AM,"the office of David Melding AM, funded by the National Assembly for Wales",≤100,1
Ipswich Region,Region Media Ltd,≤100,6
Yusuf Chambers,These ads ran without a disclaimer,≤100,19
Cllr Karen Lucioni,Karen Lucioni,≤100,2
Gosport Liberal Democrats,Gosport Liberal Democrats,≤100,1
Alberto Giurioli,Alberto Giurioli,≤100,2
John Riley working hard for Moorview,John Christdpher Riley,≤100,2
Rachel Reeves,Office of Rachel Reeves MP,≤100,4
Black Country Party,Black Country Party,≤100,1
Chipping Barnet for Europe,Derek Meyer,≤100,4
European Movement: Milton Keynes,European Movement Milton Keynes,≤100,2
Hackney Lib Dems,Hackney Liberal Democrats,≤100,4
Mick Antoniw,"Mick Antoniw, Assembly Member for Pontypridd at 10 Market Street, Pontypridd, CF37 2ST",≤100,1
Cambridge Stays,Cambridge Stays,≤100,3
Gary Sambrook,Gary William Sambrook,≤100,1
Ben Lake - Ceredigion,Plaid Cymru Ceredigion,≤100,1
Simon Clarke MP,The Conservative Party,≤100,17
Leeds Green Party,Central & Outer Leeds Green Party,≤100,2
Cllr Michael Long,Michael Long,≤100,1
London School of Hygiene & Tropical Medicine,These ads ran without a disclaimer,≤100,1
Inverclyde Liberal Democrats,Inverclyde Liberal Democrat Party,≤100,2
Camden Council,Camden Council,≤100,2
Jess Green and the Mischief Thieves,Arts Council England,≤100,2
Dr Kieran Mullan,Crewe & Nantwich Conservatives,≤100,1
Cllr Nick Adams-King,Nick Adams-King,≤100,1
Tom Tugendhat,"Promoted and distributed electronically by Jon Botten on behalf of Tom Tugendhat, both at West Kent Conservative Campaign HQ, Suite 3, Paddock Wood Business Centre, Commercial Road, Paddock Wood, Kent, TN12 6EN",≤100,3
High Peak Conservatives,High Peak Conservatives,≤100,1
James Frith MP,Bury North Labour Party,≤100,1
York Green Party,York Green Party,≤100,1
Rock and Rhetoric,Kenneth Maclaren,≤100,1
Brexit Votes Matter,Brexit Defence Force,≤100,2
Katie Cooper,"Labour Party - Downend, Staple Hill  and Winterbourne Branch",≤100,1
Zac Goldsmith,The Conservative Party,≤100,8
Vaughan Gething AM,Vaughan Gething AM,≤100,5
Hartiful - Pins and Patches,Kayleigh Hart,≤100,10
Care4Calais,Care4Calais,≤100,1
Edinburgh Green Party,Edinburgh Green Party,≤100,2
Theresa Villiers,Theresa Villiers MP,≤100,3
Lee Cartwright - VAPP,Lee Cartwright - VAPP,≤100,2
Stand up for Labour,Stand up for Labour,≤100,1
Anna Turley MP for Redcar,Redcar Constituency Labour Party,≤100,1
James Mylne Art,James Mylne (JRM-Teks),≤100,1
Louis Stephen,Louis Stephen,≤100,1
Stuart Anderson,Stuart Anderson,≤100,3
Barwell - Bosworth Conservatives,Russell Roberts,≤100,1
Siobhan Baillie,The Conservative Party,≤100,9
Cllr James Goodman,The Conservative Party,≤100,1
Tyisha info,Andre McPherson,≤100,2
Northenden's World,Northenden World Admin,≤100,7
The Craft of a Fox,These ads ran without a disclaimer,≤100,2
Novoto,These ads ran without a disclaimer,≤100,42
ZXRecords,ZXRecords,≤100,2
The Jewellery App,Daren Daniels,≤100,2
UKIP MEP Campaign - Yorkshire & North Lincolnshire,Mike Hookem MEP,≤100,1
Cllr Thomas Jay,Cllr Thomas Jay,≤100,1
RSPB Scotland,RSPB Scotland,≤100,1
Alternate Escapes,Alternate Escapes,≤100,1
Jason McMahon MEP Campaign Page,Robert John Davis,≤100,4
Craw4designs,Mrs Mirjam Crawford,≤100,2
Counterfire,Counterfire,≤100,1
Cumbernauld and Kilsyth SNP,Josh Cairns,≤100,2
Death By Bass Recordings / DBBR,Carl Anthony Dawkes,≤100,1
Stephen Kinnock,Independent Parliamentary Standards Authority,≤100,1
Dover and Deal Green Party,cttee of Dover and Deal Green Party,≤100,1
John Feely - Sinn Féin,Sinn Féin Fermanagh,≤100,2
Bible News,Stuart Courtney,≤100,1
Alastair Majury for Dunblane & Bridge of Allan,Alastair Majury,≤100,1
Exit from Brexit,the Liberal Democrats,≤100,35
Oxfordshire County Council,Oxfordshire County Council,≤100,1
Portishead Independents,"Portishead Independents. Promoted by J Parry on behalf of Portishead Independents both of 4 Cabot Rise, Portishead, BS20 6NX",≤100,1
Tees Issues by Andy Preston,Andrew Loughran Preston,≤100,1
The Secret Campsites,Hugh Sandie,≤100,1
Linlithgow and East Falkirk VAPP,Mark Andrew Tunnicliff,≤100,1
Moz fitness,MOZFITNESS,≤100,2
East Med Yachting,Andrew Fielding,≤100,1
Eddie Hughes MP,Eddie Hughes & Walsall Conservatives,≤100,4
Tyisha Positive Action Group,Suzy Curry,≤100,6
Neil McCann MEP Candidate,Neil McCann,≤100,1
Councillor Seth Pearson,Seth Pearson,≤100,1
My Romania Community,My Romania Community,≤100,3
Kenneth Gibson MSP,Kenneth J Gibson,≤100,1
"Patrick Thelwell, Green candidate",Patrick Rowan H Thelwell,≤100,1
"Councillor Sue Haworth, Harper Green ward, pt Farnworth & pt Great Lever",Susan Haworth,≤100,1
Revive: The coalition for grouse moor reform,The League Against Cruel Sports,≤100,1
Bob Wilson Photography,Bob Wilson Photography,≤100,1
Hacked Off,Hacked Off,≤100,2
Ipswich Labour,The Labour Party. Promoted by John Cook on behalf of Ipswich Labour Party,≤100,1
Democratic Unionist Party,Democratic Unionist Party,≤100,2
ECO STRAW,These ads ran without a disclaimer,≤100,2
Witsherface,Elizabeth Caproni,≤100,1
Richard Short - Conservative Campaigner,Richard Short,≤100,1
Elmet and Rothwell Liberal Democrats,David Hopps,≤100,2
Bolton Clowncil,Admins of Bolton Clowncil who have no political membership to any party,≤100,1
Llafur Ceredigion - Ceredigion Labour,Hannah Holtom,≤100,1
The North East Party,John Irving Tait on behalf of  The North East Party,≤100,1
Yellow Sun ADHD Hub,Soli Lazarus,≤100,1
Upperton Conservatives,Eastbourne Conservative ASsociation,≤100,1
This Much I Know News,These ads ran without a disclaimer,≤100,1
Rishi Fernando,Rishi Fernando,≤100,1
Cleveland Liberal Democrats,Ealing Liberal Democrats,≤100,4
East Lothian Labour Party,East Lothian Labour Party,≤100,1
Exeter Green Party,Joseph Jacques Levy,≤100,1
Group B Strep Support (GBSS),Group B Strep Support,≤100,1
Nativve,Nativve,≤100,1
Cllr. Andrew Jarvie - Inverness South,Andrew Jarvie at no expense to the taxpayer,≤100,1
"Matthew Scott, Kent Police and Crime Commissioner","Matthew Scott, Police and Crime Commissioner for Kent",≤100,1
Welsh Academic Press,Welsh Academic Press,≤100,1
Guy Opperman MP,Guy Opperman MP,≤100,2
Labour For Cannock Chase,The Labour Party,≤100,1
Martyn Day MP,Martyn Day,≤100,1
Pinksixty,Leeze Lawrence,≤100,5
Tiverton & Honiton Liberal Democrats,Dr. J Timperley on behalf of Tiverton and Honiton Liberal Democrats,≤100,1
Cllr John Howson,Cllr John Howson on behalf of Cllr John Howson of Venneit Close Oxford OX1 1HZ,≤100,1
Councillor Dave Harris,Dave Harris,≤100,1
SKT Welfare,SKT Welfare,≤100,1
PD Londra - Decio Anzani,Davide Trotta,≤100,1
Hartlepool Labour Party,Hartlepool Labour Party,≤100,2
Perth4Europe,Susannah Clare Rae,≤100,1
Swoop,These ads ran without a disclaimer,≤100,1
A United Europe,Steve  Alan Duggan,≤100,2
Prab Ghosh,Prab Ghosh,≤100,1
Charity Right UK,These ads ran without a disclaimer,≤100,2
Red Party of Scotland,Red Party of Scotland,≤100,1
Warrington Conservatives,Warrington Conservatives,≤100,1
Alex Rowley MSP,Alex Rowley MSP,≤100,2
USR Diaspora,Uniunea Salvați România - USR,≤100,1
Lord John Robartes Regiment,Lord John Robartes Regiment,≤100,3
Disabled Lives Matter,Craig Chant,≤100,2
Loughborough and Charnwood Liberal Democrats,Loughborough & Charnwood Liberal Democrats,≤100,1
Olive & Berry,Miss Natalie Louise Tyson,≤100,4
Taunton Deane Liberal Democrats,Taunton Deane Liberal Democrats,≤100,2
Alton Liberal Democrats,Stephen Donald Hunt,≤100,1
The Centre Party: Building a Better Britain,Michael Boulton,≤100,2
Lucy Frazer,Lucy Frazer MP,≤100,1
No10Vigil - Vigil against Brexit,EU Flag Mafia,≤100,2
Tetbury & District Conservatives,Richard Norris,≤100,2
Tom McNeil,Thomas Benjamin Mcneil,≤100,1
Alasdair Allan MSP,Alasdair Allan,≤100,3
Lee McCall,Lee McCall,≤100,1
My Astley Bridge,Warren Lee Fox,≤100,1
Scott Dickinson,Scott Dickinson,≤100,2
"Save King George A&E meeting 30th March, 3pm Ilford Town Hall",Andy Walker,≤100,1
Professor  Alberto Testa,Alberto Testa,≤100,1
Cllr Liam Walker,Cllr Liam Walker,≤100,2
Cllr Mike Diamond,Cllr Mike Diamond,≤100,2
The Jewellery App,Daren Daniels,≤100,3
Paul Bristow - Proud of Peterborough,The Conservative Party,≤100,1
Archimedes Consulting Ltd,Ms Patricia Susan Seabright,≤100,2
Genius Computing,Genius Computing Limited,≤100,1
Ryan Henson,Ryan Henson,≤100,1
Dulcie Tudor LD,Dulcie Tudor,≤100,1
Peter Taylor - Mayor of Watford,Elected Mayor of Watford,≤100,1
Bradford District Green Party,Green Party of England and Wales,≤100,1
Swansea Labour Students Myfyrwyr Llafur Abertawe,Jack William Dunne,≤100,1
Grangetown Labour News,Grangetown Labour News,≤100,1
Let's Ban Fossil Fuels,Daniel James Hurley,≤100,1
Erdington News from Robert Alden and Gareth Moore,Erdington Conservative Association,≤100,2
Llanrumney Labour News,Llanrumney Labour News,≤100,1
"Caithness, Sutherland and Ross Labour Party",Gary Cormack for Caithness Sutherland & Ross CLP,≤100,1
Aphra Brandreth,Kingston and Surbiton Conservative Association,≤100,1
Reema Cosmetics,Reema Saleem,≤100,1
Cllr. David Hilton,David Hilton,≤100,1
Worplesdon Matters,Dennis Paul,≤100,1
Shanklin Conservatives,Shanklin Conservatives,≤100,1
Maderos,Maderos,≤100,1
Luke Graham for Ochil and South Perthshire,Perth and Kinross Conservative Association,≤100,1
Charles Orlebar Estate Agents,Charles Orlebar Estate Agents,≤100,1
Erith & Thamesmead Conservatives,Erith & Thamesmead Conservative Association,≤100,1
Teesside Business Podcast,Mike Leng,≤100,1
Camden Liberal Democrats,Camden Liberal Democrats,≤100,1
Cllr Cahal Burke,Cahal Colm Burke,≤100,1
Councillor Mark Harris,Mark Harris,≤100,1
Bishop's Stortford Conservatives,Bishop's Stortford Conservatives,≤100,1
Jeane Freeman MSP,The Scottish Parliament,≤100,1
Amy Prince For Jesmond,Hartlepool Labour Party,≤100,1
No 3rd Runway Coalition,No 3rd Runway Coalition,≤100,1
The Better Body Guru,AG Personal Fitness,≤100,1
South Leam Labour Voice,Dr Jill Davida Barker,≤100,1
Warren Fox,Warren Lee Fox,≤100,2
"Lincoln, Sleaford and North Hykeham Liberal Democrats","Lincoln, Sleaford and North Hykeham Liberal Democrats",≤100,1
Abolish & replace the House of Lords NOW,Electoral Reform Society,≤100,1
Bradford on Avon Lib Dems,Chippenham Constituency Liberal Democrats,≤100,1
Piracy Corporation,Piracy Corporation Ltd. #disruptiveoftunbridgewells,≤100,1
Plaid Cymru Seiont,Olaf Cai Larsen,≤100,1
North East Lincolnshire European Movement,Brian Milne,≤100,1
Stirling SNP,Stirling Scottish National Party (SNP),≤100,1
Shevington with Lower Ground Labour Party,Paul Anthony Collins,≤100,1
Candidate Kanika Sachdeva,Kanika Sachdeva,≤100,1
Councillor Dayne Powell,These ads ran without a disclaimer,≤100,1
Graham Jones MP,Graham Peter Jones,≤100,1
Rob James,Cllr Rob James,≤100,1
"Women's Equality Party Southwark, London",Rachel Kathryn Barber,≤100,1
Councillor Paul Kelly - Motherwell West,Paul Kelly,≤100,1
Emma Hardy MP,Emma Ann Hardy,≤100,1
Body Rolling by Andreea Radu,Andreea Stefana Radu,≤100,1
Bath & N.E. Somerset Green Party,Bath and North East Somerset Green Party,≤100,1
Vet Times,Vet Times,≤100,1
"Routledge Politics, IR and Strategic Studies",These ads ran without a disclaimer,≤100,1
Isle of Arran SNP,Kenneth Gibson,≤100,1
Nottinghamshire European Movement,Lorenzo Salzano,≤100,1
Rishi Sunak,Rishi Sunak MP,≤100,1
Cllr. Gareth Eales - For Northampton South,Northampton South Labour Party,≤100,1
Douglas Carswell,Douglas Carswell,≤100,2
Simon Cassidy - Liskeard Town Councillor,Simon Cassidy,≤100,1
Glencore,These ads ran without a disclaimer,≤100,1
Endlebury Conservatives,Endlebury Conservatives,≤100,1
New Forest for Europe,Jeremy David Fenner,≤100,1
Kevin Hollinrake MP,Kevin Paul  Hollinrake,≤100,1
Ologie Clinic,Giedre Gudauskaite,≤100,1
Michael Kusznir,Michael James D Kusznir,≤100,1
Lancaster Green Councillors,Lancaster Green Councillors,≤100,1
Open Britain - West Cumbria,Open Britain - West Cumbria,≤100,1
Wool and the Gang,These ads ran without a disclaimer,≤100,1
Russ Pollard for Warrington North,Russell Pollard,≤100,1
Bramley and Stanningley Labour Party Public,Bramley and Stanningley Labour Party,≤100,2
Krupesh Hirani,Krupesh Hirani,≤100,1
Llafur Ceredigion - Ceredigion Labour,Hannah Louise Holtom,≤100,1
Platform Design Oxford,These ads ran without a disclaimer,≤100,1
"John Edwards, Liberal Democrat in Tarvin & Kelsall",John Edwards and Ted Lush,≤100,1
Sarah Jones MP - Standing Up for Croydon,Sarah Jones MP,≤100,1
The Dazey Hills Company,Abbie Hills,≤100,1
A bundle of supplies,Miss Rexhina Agaj,≤100,2
Kennington Shadow Community Council,Kennington Shadow Community Council,≤100,1
BuzzyRange,These ads ran without a disclaimer,≤100,21
Norden & Bamford Labour,Norden & Bamford Labour,≤100,1
The Brexit Party Supporters Torfaen,These ads ran without a disclaimer,≤100,2
Beckton Labour,George James Harris,≤100,1
Cllr Fran Carpenter,Fran Carpenter,≤100,2
Great Barford Ward Liberal Democrats,Bedford Liberal Democrats,≤100,1
Bob Milton,East Surrey Conservatives,≤100,1
Cllr Andrew Polson for Bearsden South,A Polson,≤100,2
UKIP Bishop Auckland,ALAN JOJ'Y BREEZE,≤100,1
Cllr Johno Lee,Johnathan lee / Newark Conservative Association,≤100,1
Andrea Bradley 4 Labour,Andrea Bradley,≤100,1
Scott Dickinson,These ads ran without a disclaimer,≤100,1
Councillor Lana Hempsall,Lana Hempsall,≤100,1
Gianni Carofano for Mayor of Bedford,Gianni Carofano,≤100,1
Northumberland Labour Group,Northumberland Labour Group,≤100,1
Leavers of Croydon,Michael Swadling,≤100,1
UKIP Wirral,These ads ran without a disclaimer,≤100,1
Mohammed Tanveer Akhtar,Mohammed Tanveer Akhtar,≤100,1
Charles Richardson for Riccall,Charles Richardson,≤100,1
Tao Meditation Chiswick,These ads ran without a disclaimer,≤100,1
Island Independent Network,Karen Lucioni,≤100,1
"Dr Brian Lehaney, Campaigner, Gloucester",Brian Alexander Lehaney,≤100,1
Restless Beings,Restless Beings,≤100,1
Vikki Slade 4 Mid Dorset & North Poole,Mid Dorset & North Poole Liberal Democrats,≤100,1
My Westhoughton,Westhoughton Liberal Democrats,≤100,1
| vinck | larissa,These ads ran without a disclaimer,≤100,1
Brickhill Liberal Democrat FOCUS Team,Bedford Liberal Democrats,≤100,1
"Steve Leyland, Green Party Candidate, North Tyneside Valley Ward",Steven John Lcyland,≤100,1
Cllr Vincent Bailey & Cllr Leighton Rowlands,Vale of Glamorgan Conservatives,≤100,1
Labour East,These ads ran without a disclaimer,≤100,1
Thirtee3,These ads ran without a disclaimer,≤100,1
Fagulous,Fagulous,≤100,1
Gosport Conservatives,Gosport Conservative Association,≤100,1
Callan O'Keeffe,These ads ran without a disclaimer,≤100,1
Greenock & Inverclyde SNP,These ads ran without a disclaimer,≤100,1
Tytherington Conservatives,SearchVista Ltd,≤100,1
Far From Lost,These ads ran without a disclaimer,≤100,1
Simon Jacobs,Simon Anthony Jacobs,≤100,1